country,1960,1961,1962,1963,1964,1965,1966,1967,1968,1969,1970,1971,1972,1973,1974,1975,1976,1977,1978,1979,1980,1981,1982,1983,1984,1985,1986,1987,1988,1989,1990,1991,1992,1993,1994,1995,1996,1997,1998,1999,2000,2001,2002,2003,2004,2005,2006,2007,2008,2009,2010,2011,2012,2013,2014,2015,2016,2017,2018,2019,2020,2021,2022,2023,2024
Aruba,,,,,,,,,,,,,,,,,,,,,,,,,,,17.4k,20.4k,24.1k,26.6k,26.6k,27.4k,27.7k,27.8k,28.6k,28.5k,27.7k,28.5k,28.4k,28.4k,30.2k,31.2k,30.7k,30.7k,32.2k,31.2k,31k,31.8k,32.1k,28.2k,27.3k,28k,27.3k,28.7k,27.9k,27.5k,27.7k,29.7k,30.3k,29.6k,21.9k,27.5k,29.9k,31.2k,
Afghanistan,,,,,,,,,,,,,,,,,,,,,,,,,,,,,,,,,,,,,,,,,308,277,338,346,339,364,368,411,418,489,543,525,569,581,575,566,564,563,553,558,528,409,378,378,
Angola,,,,,,,,,,,,,,,,,,,,,2840,2610,2520,2530,2580,2580,2560,2570,2640,2550,2380,2320,2120,1560,1530,1700,1870,1940,1960,1940,1930,1950,2140,2130,2280,2530,2720,2980,3190,3100,3110,3100,3240,3270,3300,3210,3020,2910,2780,2660,2430,2390,2380,2330,2360
Albania,,,,,,,,,,,,,,,,,,,,,1820,1890,1910,1890,1820,1820,1880,1830,1770,1890,1680,1220,1140,1250,1370,1560,1680,1500,1630,1840,1990,2190,2300,2430,2570,2710,2890,3110,3350,3460,3580,3680,3720,3790,3880,3980,4140,4280,4450,4560,4440,4880,5180,5440,5730
Andorra,,,,,,,,,,,43k,41.9k,42.4k,42.7k,42.4k,40.1k,39.1k,38k,36.6k,35k,34.3k,33k,32k,31.1k,30.4k,30k,29.7k,30.1k,30.5k,31.2k,31.1k,29.6k,28.2k,26.5k,26.6k,27.6k,28.9k,31.1k,31.8k,32.9k,34.1k,36.8k,38.1k,39.6k,40.1k,40.5k,41.3k,40.8k,37.8k,35.6k,36.3k,37.6k,36.2k,35.7k,37.3k,38.7k,40.1k,39.4k,39.2k,39.3k,34.5k,36.9k,39.8k,40.2k,41k
UAE,,,,,,,,,,,49.1k,57.4k,69.4k,108k,111k,106k,109k,114k,98.8k,106k,118k,114k,100k,90.2k,88.7k,81.1k,64.7k,62.4k,56.9k,60k,67k,63.9k,62.7k,60.4k,61.6k,62.9k,62.3k,62.2k,57.8k,55.4k,57.4k,54.6k,52.6k,54k,56k,55.8k,57.1k,52.4k,48.3k,43k,42.6k,43.8k,42.9k,43.3k,43k,43.5k,43.7k,42.7k,42.7k,42.7k,40.8k,41.8k,42.7k,42.5k,42.5k
Argentina,7400,7670,7480,6970,7550,8220,8040,8170,8440,9110,9240,9610,9620,9730,10.1k,9940,9580,10.1k,9480,10.3k,10.3k,9590,9370,9620,9610,8970,9380,9480,9240,8450,8120,8730,9290,9920,10.4k,9930,10.4k,11.1k,11.3k,10.8k,10.6k,10.1k,8860,9550,10.3k,11.1k,11.9k,12.8k,13.2k,12.3k,13.4k,14k,13.8k,13.9k,13.5k,13.7k,13.3k,13.5k,13.1k,12.7k,11.4k,12.5k,13.2k,12.9k,12.7k
Armenia,,,,,,,,,,,,,,,,,,,,,,,,,,,,,,,1640,1430,840,793,857,932,996,1040,1130,1180,1230,1350,1540,1760,1960,2240,2550,2920,3140,2720,2800,2940,3160,3270,3390,3510,3530,3820,4030,4340,4030,4260,4790,5200,5380
American Samoa,,,,,,,,,,,,,,,,,,,,,,,,,,,,,,,,,,,,,,,,,,,13.1k,13.2k,13.3k,13.3k,12.8k,13.1k,12.8k,12.3k,12.4k,12.5k,12.1k,11.9k,12.2k,12.7k,12.7k,11.9k,12.4k,12.5k,13.2k,13.2k,13.7k,,
Antigua and Barbuda,,,,,,,,,,,,,,,,,,6060,6310,6800,7320,7580,7560,7950,8770,9480,10.6k,11.4k,12k,12.7k,13.2k,13.4k,13.3k,13.8k,14.4k,13.5k,14.1k,14.6k,15k,15.3k,16k,15k,15k,15.7k,16.4k,17.3k,19.3k,20.8k,20.5k,17.7k,16.1k,15.6k,16k,15.7k,16k,16.1k,16.6k,17k,18k,18.5k,15k,16.1k,17.5k,17.8k,18.5k
Australia,19.9k,20k,19.8k,20.6k,21.6k,22.5k,22.5k,23.6k,24.4k,25.5k,26.8k,27k,27.5k,27.8k,28.2k,28.3k,28.7k,29.4k,29.3k,30.2k,30.7k,31.3k,31.7k,30.6k,31.6k,32.9k,33.7k,34k,35.4k,36.1k,36.9k,36.3k,36k,37.2k,38.3k,39.3k,40.3k,41.5k,43k,44.6k,45.9k,46.2k,47.5k,48.4k,49.9k,50.9k,51.6k,52.5k,53.3k,53.2k,53.6k,54.1k,55.3k,55.7k,56.3k,56.7k,57.4k,57.8k,58.5k,58.9k,58.1k,59.3k,61k,61.6k,61.2k
Austria,11.9k,12.5k,12.7k,13.2k,13.9k,14.3k,15k,15.3k,15.9k,16.9k,18k,18.8k,19.9k,20.7k,21.5k,21.5k,22.5k,23.7k,23.6k,24.9k,25.4k,25.3k,25.8k,26.6k,26.6k,27.2k,27.9k,28.2k,29.1k,30.1k,31.2k,31.9k,32.2k,32.1k,32.8k,33.6k,34.3k,35k,36.2k,37.5k,38.6k,38.9k,39.3k,39.6k,40.3k,41k,42.1k,43.6k,44.1k,42.4k,43k,44.1k,44.2k,43.9k,43.8k,43.9k,44.4k,45.1k,46k,46.6k,43.4k,45.3k,47.3k,46.3k,45.6k
Azerbaijan,,,,,,,,,,,,,,,,,,,,,,,,,,,,,,,2870,2810,2140,1620,1280,1120,1120,1180,1280,1370,1500,1640,1780,1950,2110,2670,3560,4410,4780,5120,5300,5150,5190,5430,5510,5500,5270,5230,5260,5350,5090,5350,5600,5670,5870
Burundi,289,243,258,263,272,275,281,312,304,293,347,348,326,349,338,332,350,381,366,363,352,379,366,369,361,395,400,413,424,421,427,439,432,418,399,346,318,313,322,311,302,301,305,292,295,287,292,291,293,289,290,291,293,297,299,281,275,269,266,262,255,256,254,253,256
Belgium,11.7k,12.3k,12.8k,13.3k,14.1k,14.5k,14.8k,15.3k,15.9k,16.9k,18k,18.6k,19.5k,20.7k,21.6k,21.1k,22.3k,22.4k,23k,23.5k,24.5k,24.5k,24.6k,24.7k,25.3k,25.7k,26.2k,26.8k,27.9k,28.8k,29.6k,30k,30.4k,30k,30.8k,31.5k,31.9k,33k,33.6k,34.7k,35.9k,36.1k,36.6k,36.8k,38k,38.6k,39.4k,40.5k,40.4k,39.3k,40k,40.2k,40.1k,40k,40.5k,40.9k,41.2k,41.6k,42.2k,43k,40.8k,43.1k,44.6k,44.7k,44.8k
Benin,656,665,631,649,679,701,712,705,717,722,721,694,722,731,738,685,674,690,681,706,733,784,779,723,758,792,785,750,753,709,749,757,756,765,752,781,794,815,821,839,861,880,893,896,908,894,901,927,943,937,928,928,944,982,1010,1000,1010,1030,1070,1110,1130,1180,1220,1260,1320
Burkina Faso,244,250,262,255,257,262,259,277,281,282,277,276,278,274,291,294,312,306,313,316,310,314,335,327,312,329,345,335,345,343,332,353,345,349,344,355,384,398,415,433,428,443,448,468,474,499,514,519,533,533,562,582,601,617,625,630,648,669,694,717,714,745,739,744,764
Bangladesh,429,443,454,438,473,466,465,443,471,463,476,443,373,375,400,373,385,385,402,412,405,424,421,426,435,438,446,453,454,457,473,481,497,511,521,538,552,566,584,600,621,641,656,677,703,739,779,826,866,902,944,996,1050,1100,1160,1220,1300,1370,1460,1560,1600,1700,1800,1890,1940
Bulgaria,,,,,,,,,,,,,,,,,,,,,3430,3580,3660,3770,3890,4000,4170,4410,4890,4780,4430,4090,3840,3810,3890,4020,4250,3680,3840,3540,3720,3940,4260,4520,4850,5230,5630,6050,6460,6290,6430,6610,6690,6790,6940,7270,7590,7900,8210,8640,8450,9170,9600,9810,10.1k
Bahrain,,,,,,,,,,,17.4k,17.2k,18.3k,19.7k,20.3k,17.6k,21.8k,23.5k,23.3k,23k,22.6k,20.5k,18.3k,18.8k,19.1k,17.5k,17.1k,18.2k,18.8k,18.2k,18.3k,20.9k,21.7k,23.9k,23.2k,23.5k,23.8k,23.9k,24.4k,24.8k,25.4k,25.1k,24.1k,23.9k,23.7k,23.4k,23.1k,23.1k,23.1k,22.2k,22.2k,23.3k,23.9k,24.3k,24.1k,23.7k,23.7k,23.6k,24.1k,24.9k,23.6k,24.1k,25.2k,25.3k,25.9k
Bahamas,18.8k,19.8k,20.8k,21.8k,23k,24.3k,25.4k,26.5k,27.4k,28.6k,25.9k,25.6k,24k,25.2k,20.5k,17.1k,17.6k,18.8k,21k,26k,27.2k,24.3k,25.5k,25.9k,29.1k,30k,30k,30.4k,30.6k,32.1k,31k,29.2k,27.6k,27.1k,27.5k,28.2k,29k,28.9k,29.8k,31.5k,32.4k,32.9k,33.4k,32.6k,32.4k,33.1k,33.5k,33.5k,32.3k,30.6k,30.7k,30.5k,31.6k,30.4k,30.7k,30.7k,30.2k,31k,31.5k,31.1k,24.8k,29.1k,32.2k,33k,34k
Bosnia and Herzegovina,,,,,,,,,,,,,,,,,,,,,,,,,,,,,,,791,716,705,748,871,1010,1500,1970,2260,2450,2570,2620,2740,2850,3060,3220,3420,3660,3930,3880,3980,4090,4140,4310,4410,4660,4880,5100,5360,5580,5490,6000,6330,6490,6700
Belarus,,,,,,,,,,,,,,,,,,,,,,,,,,,,,,,2890,2850,2570,2370,2100,1890,1940,2180,2370,2460,2620,2750,2910,3140,3520,3880,4290,4680,5180,5200,5620,5940,6050,6120,6210,5970,5810,5960,6170,6270,6250,6460,6210,6500,6790
Belize,1550,1590,1630,1660,1690,1730,1750,1780,1860,1900,1950,1990,2160,2240,2510,2560,2500,2610,2760,2910,3180,3140,3060,2920,2910,2870,2930,3180,3410,3770,4110,4500,4970,5170,5060,4970,4870,4910,4930,5210,5660,5760,5890,6270,6380,6340,6430,6470,6180,6000,5920,5780,5870,6000,6110,6150,6020,5770,5730,5890,5000,5820,6270,6210,6620
Bermuda,39.9k,40.9k,41.6k,41.1k,44.6k,45.7k,51.1k,56.7k,56.9k,57.8k,60.5k,62k,62.9k,63.6k,64.1k,66.4k,72.2k,76.3k,77.2k,78.8k,84.8k,86.3k,81.1k,82.2k,82k,79.8k,84.6k,87.2k,90k,89.7k,89.1k,85.3k,84.6k,86.6k,86.5k,89.8k,91.7k,95.4k,98.3k,101k,110k,117k,115k,118k,120k,122k,129k,133k,130k,122k,118k,114k,108k,108k,104k,105k,104k,108k,107k,107k,99k,103k,110k,115k,118k
Bolivia,1280,1280,1320,1380,1410,1440,1510,1580,1670,1710,1760,1810,1910,1970,1980,2080,2130,2180,2180,2130,2050,2020,1890,1780,1740,1670,1600,1600,1610,1640,1680,1730,1720,1760,1810,1860,1900,1960,2030,2000,2010,2010,2030,2050,2100,2160,2220,2280,2380,2420,2480,2570,2660,2790,2900,3000,3080,3160,3250,3270,2950,3100,3170,3230,3230
Brazil,2600,2740,2840,2770,2790,2770,2880,2920,3130,3340,3600,3910,4270,4750,5010,5150,5540,5680,5820,6070,6470,6060,5970,5660,5840,6170,6490,6590,6460,6550,6150,6110,5970,6170,6430,6600,6640,6760,6690,6620,6820,6820,6940,6940,7260,7410,7620,8000,8330,8250,8790,9070,9170,9370,9340,8940,8580,8630,8720,8770,8440,8800,9030,9290,9560
Barbados,7380,7870,8510,8000,8320,9170,9440,10.4k,11k,11.8k,12.9k,13.4k,13.6k,13.7k,13.1k,12.8k,13.3k,13.8k,14.5k,15.7k,16.3k,16k,15.1k,15.2k,15.6k,15.8k,16.5k,16.9k,17.5k,18.1k,17.4k,16.7k,15.7k,15.8k,16.1k,16.3k,17k,17.8k,18.4k,18.5k,19.4k,18.9k,18.9k,19.2k,19.3k,20k,21.1k,21.5k,21.5k,20.3k,19.8k,19.6k,19.4k,19.2k,19.2k,19k,19.3k,19.2k,19k,19.1k,16.2k,16.1k,19k,19.7k,20.5k
Brunei,,,,,,,,,,,,,,,64.9k,62.3k,72.8k,77.3k,80.1k,96.5k,84.5k,63.6k,63k,61.2k,57.8k,54.3k,49.6k,49.1k,46.9k,44.3k,44.2k,44.2k,41.7k,40.3k,39.7k,39.3k,38.3k,39.8k,36.3k,37k,37.5k,37.3k,38k,38.6k,37.9k,37.3k,38.2k,36.2k,34.1k,32.9k,33.1k,33.8k,33.5k,32.4k,31.1k,30.6k,29.5k,29.5k,29.2k,30k,30k,29.3k,28.5k,28.6k,29.6k
Bhutan,,,,,,,,,,,409,406,397,390,396,370,390,406,421,426,433,482,483,517,523,528,570,714,726,756,813,795,863,917,963,1040,1100,1140,1180,1250,1260,1320,1430,1510,1550,1630,1700,1950,2020,2150,2380,2550,2650,2670,2800,2950,3170,3210,3300,3470,3090,3210,3350,3490,
Botswana,394,410,427,442,461,480,508,535,589,674,785,972,1180,1370,1420,1460,1540,1640,1760,1860,2000,2110,2280,2480,2600,2690,2820,3050,3540,3890,4040,4220,4230,4190,4220,4400,4540,4810,4720,5070,5060,4970,5180,5320,5370,5510,5870,6090,6160,5180,5580,5850,5740,6280,6550,6140,6490,6660,6840,6950,6250,6900,7160,7270,6940
Central African Republic,576,593,560,546,546,540,532,545,540,565,566,560,550,549,573,564,586,602,603,582,550,535,570,517,560,574,587,551,551,548,520,501,454,441,449,468,438,449,457,461,437,447,453,418,434,428,439,451,450,492,519,532,554,350,352,366,377,387,395,402,399,396,399,397,390
Canada,15.4k,15.6k,16.5k,17k,17.8k,18.6k,19.5k,19.7k,20.4k,21.1k,21.4k,21.6k,22.6k,23.8k,24.3k,24.3k,25.4k,26k,26.7k,27.4k,27.6k,28.2k,27k,27.4k,28.8k,29.9k,30.2k,31k,32k,32.1k,31.7k,30.7k,30.6k,31k,32.1k,32.6k,32.8k,33.9k,34.9k,36.4k,37.9k,38.2k,38.9k,39.3k,40.1k,41k,41.7k,42.1k,42.1k,40.4k,41.2k,42k,42.3k,42.9k,43.6k,43.6k,43.6k,44.3k,44.9k,45.1k,42.4k,44.6k,45.7k,45k,44.4k
Channel Islands,,,,,,,,,,,,,,,,,,,,,,,,,,,,,,,,,,,,,,,,,,,,,,,,,,67.6k,64.7k,65k,60.9k,60.8k,61.9k,61.9k,62.4k,63.4k,63.9k,64.6k,58.6k,64.3k,67.5k,69.8k,
Switzerland,39.9k,42.3k,43.2k,44.4k,45.9k,46.4k,47k,47.8k,48.9k,51.1k,54k,55.9k,57.2k,58.6k,59.1k,54.8k,54.4k,55.9k,56.1k,57.4k,59.8k,60.4k,59.3k,59.4k,60.9k,62.9k,63.7k,64.4k,66k,68.3k,70.1k,68.6k,67.8k,67.1k,67.4k,67.3k,67.3k,68.6k,70.5k,71.3k,73.7k,74.4k,73.8k,73.3k,74.7k,76.3k,78.9k,81.3k,82.5k,79.6k,81.3k,81.9k,82k,82.5k,83.4k,83.8k,84.6k,85k,86.8k,87.1k,84.6k,88.7k,90.6k,90.1k,89.8k
Chile,3220,3330,3390,3510,3530,3490,3810,3880,3950,4040,4040,4350,4250,3970,3960,3420,3490,3820,4060,4340,4630,4870,4240,3980,4070,4150,4310,4530,4780,5190,5290,5610,6150,6460,6690,7200,7610,8060,8290,8160,8470,8630,8810,9130,9640,10.1k,10.6k,11.1k,11.4k,11.1k,11.6k,12.3k,12.9k,13.2k,13.3k,13.4k,13.5k,13.5k,13.8k,13.6k,12.7k,14.1k,14.3k,14.3k,14.6k
China,241,177,166,179,206,236,254,233,218,248,287,299,303,319,320,342,331,352,386,410,437,453,487,531,604,676,726,797,873,896,917,990,1120,1260,1410,1550,1680,1820,1940,2080,2240,2410,2610,2860,3130,3470,3880,4410,4810,5240,5760,6280,6720,7200,7690,8180,8680,9220,9800,10.4k,10.6k,11.5k,11.8k,12.5k,13.1k
Cote d'Ivoire,1500,1580,1540,1700,1930,1800,1930,1940,2100,2210,2340,2450,2450,2480,2470,2550,2770,2860,3060,3010,2580,2560,2470,2280,2130,2140,2120,2040,1980,1960,1870,1790,1720,1650,1600,1650,1710,1800,1810,1770,1720,1640,1550,1440,1450,1430,1440,1420,1450,1470,1540,1430,1500,1630,1740,1810,1890,1970,2010,2090,2060,2150,2230,2310,2390
Cameroon,936,932,943,957,969,967,989,860,892,913,917,924,923,946,1020,1100,1010,1120,1330,1380,1310,1480,1550,1620,1700,1780,1840,1750,1570,1490,1360,1270,1200,1070,1060,1060,1080,1100,1120,1140,1150,1170,1190,1220,1270,1260,1280,1300,1300,1290,1290,1300,1320,1350,1380,1420,1440,1440,1460,1470,1430,1440,1460,1470,1480
"Congo, Dem. Rep.",1260,1090,1290,1320,1250,1230,1280,1230,1250,1320,1280,1320,1290,1360,1360,1260,1160,1140,1050,1020,1010,1000,968,951,971,944,958,953,927,887,802,710,614,513,470,454,441,410,392,363,327,310,310,318,329,339,346,357,368,367,381,394,408,427,452,468,462,462,473,479,472,485,511,538,555
"Congo, Rep.",1190,1260,1290,1210,1220,1230,1210,1200,1260,1310,1350,1410,1490,1560,1630,1710,1690,1500,1560,1670,1920,2210,2670,2770,2890,2780,2510,2440,2420,2410,2360,2350,2350,2260,2070,2090,2120,2060,2100,1990,2060,2060,2100,2060,2060,2140,2230,2000,2060,2210,2330,2310,2470,2390,2490,2440,2170,2000,1910,1890,1730,1700,1690,1680,1680
Colombia,1960,2000,2040,2050,2110,2120,2170,2190,2260,2340,2420,2500,2630,2750,2840,2840,2910,2970,3150,3240,3300,3300,3250,3230,3260,3290,3410,3520,3590,3640,3710,3710,3790,3910,4060,4190,4200,4270,4210,3970,4020,4020,4060,4150,4310,4460,4690,4950,5050,5050,5210,5520,5680,5910,6120,6250,6320,6310,6350,6440,5890,6460,6860,6830,6870
Comoros,,,,,,,,,,,,,,,,,,,,,1010,1020,1050,1070,1080,1080,1070,1060,1060,996,1020,941,1000,1010,942,959,930,951,947,948,1030,1030,1040,1040,1040,1040,1050,1040,1060,1110,1140,1180,1230,1310,1330,1330,1340,1390,1410,1440,1470,1480,1490,1510,1530
Cape Verde,,,,,,,,,,,,,,,,,,,,,582,622,630,680,696,746,756,778,813,847,835,827,897,954,1110,1250,1370,1490,1650,1810,2040,2050,2130,2190,2380,2510,2680,3060,3240,3160,3190,3310,3340,3360,3380,3420,3560,3720,3850,4120,3260,3470,4000,4190,4480
Costa Rica,3610,3540,3600,3710,3720,3890,4030,4130,4350,4460,4670,4850,5110,5370,5520,5500,5650,5990,6200,6340,6210,5910,5330,5330,5610,5490,5640,5760,5800,5980,6040,6020,6410,6690,6830,6940,6870,7090,7430,7580,7730,7850,7990,8210,8450,8660,9160,9780,10.1k,9880,10.3k,10.6k,11k,11.2k,11.4k,11.7k,12.1k,12.5k,12.7k,12.9k,12.2k,13.1k,13.7k,14.3k,14.9k
Cuba,,,,,,,,,,,2620,2800,2880,2940,2930,3170,3310,3570,3790,3810,3610,4300,4650,4860,5210,5250,5210,5040,5170,5160,4960,4400,3860,3270,3280,3350,3600,3690,3680,3900,4110,4230,4280,4430,4670,5180,5800,6220,6470,6560,6720,6900,7110,7310,7390,7730,7770,7930,8120,8120,7250,7380,7550,7430,
Cayman Islands,,,,,,,,,,,,,,,,,,,,,,,,,,,,,,,,,,,,,,,,,,,,,,,96.1k,96.2k,93.1k,84k,79.5k,78.2k,77.1k,76k,76.1k,76.4k,77k,77.7k,79.3k,80.7k,75.2k,77.3k,79.6k,81.4k,
Cyprus,,,,,,,,,,,,,,,,6170,7480,8710,9350,10.2k,10.7k,10.8k,11.3k,11.8k,12.7k,13.1k,13.5k,14.3k,15.3k,16.3k,17.1k,16.8k,17.9k,17.6k,18.3k,19.5k,19.4k,19.6k,20.6k,21.3k,22.4k,23k,23.6k,23.9k,24.8k,25.6k,26.4k,27.2k,27.4k,26.2k,26.1k,25.5k,24.3k,22.7k,22.6k,23.5k,24.9k,26.1k,27.4k,28.6k,27.4k,30.2k,32k,32.3k,33k
Czech Republic,,,,,,,,,,,,,,,,,,,,,,,,,,,,,,,11.9k,10.5k,10.5k,10.5k,10.8k,11.5k,11.9k,11.9k,11.9k,12k,12.5k,13k,13.2k,13.6k,14.3k,15.1k,16.1k,16.9k,17.2k,16.3k,16.7k,16.9k,16.8k,16.8k,17.1k,17.9k,18.4k,19.3k,19.7k,20.4k,19.2k,20.4k,20.6k,20.3k,20.4k
Germany,12.6k,13k,13.5k,13.8k,14.6k,15.2k,15.5k,15.4k,16.2k,17.2k,18.1k,18.6k,19.3k,20.1k,20.3k,20.2k,21.3k,22.1k,22.8k,23.7k,24k,24.1k,24k,24.4k,25.2k,25.9k,26.4k,26.8k,27.7k,28.5k,29.7k,31k,31.4k,30.9k,31.6k,32k,32.2k,32.8k,33.5k,34.2k,35.1k,35.6k,35.5k,35.3k,35.7k,36k,37.4k,38.6k,39k,36.9k,38.5k,40.7k,40.8k,40.9k,41.6k,41.9k,42.5k,43.5k,43.9k,44.2k,42.4k,43.9k,44.2k,44k,44.1k
Djibouti,,,,,,,,,,,,,,,,,,,,,,,,,,,,,,,,,,,,,,,,,,,,,,,,,,,,,,2140,2250,2380,2500,2600,2680,2780,2770,2850,2960,3130,3280
Dominica,,,,,,,,,,,,,,,,,,3220,3550,2890,3270,3620,3790,3900,4090,4160,4480,4780,5190,5210,5540,5640,5750,5870,5860,6040,6240,6380,6640,6690,6880,6900,6680,7050,7320,7380,7700,8110,8680,8580,8570,8550,8530,8460,8580,8280,8500,7990,8260,8620,7300,7740,8590,8950,9170
Denmark,17.5k,18.5k,19.4k,19.4k,21k,21.8k,22.2k,23.3k,24.5k,26.1k,26.4k,27k,27.9k,29k,28.6k,28.1k,29.7k,30.2k,30.9k,32k,31.7k,31.5k,32.8k,33.7k,35.1k,36.6k,38.3k,38.4k,38.5k,38.7k,39.3k,39.8k,40.4k,40.3k,42.3k,43.3k,44.3k,45.5k,46.4k,47.7k,49.3k,49.6k,49.6k,49.7k,51k,52k,53.8k,54.1k,53.6k,50.6k,51.2k,51.7k,51.5k,52k,52.4k,53.1k,54.3k,55.6k,56.4k,57.1k,55.9k,59.8k,60.2k,61.3k,63.2k
Dominican Republic,1380,1300,1480,1530,1580,1340,1480,1490,1450,1560,1790,1930,2070,2280,2350,2410,2500,2560,2550,2600,2740,2790,2770,2830,2800,2680,2720,2930,2930,3000,2770,2740,2990,3150,3170,3290,3420,3660,3840,4000,4120,4160,4280,4160,4210,4550,4900,5200,5310,5290,5670,5770,5860,6080,6430,6800,7180,7380,7820,8120,7400,8340,8700,8810,9170
Algeria,2390,2030,1600,2120,2210,2310,2160,2310,2510,2660,2830,2450,3050,3090,3250,3290,3410,3460,3670,3830,3740,3730,3840,3910,3990,4000,3890,3750,3610,3670,3610,3480,3460,3300,3200,3260,3320,3300,3410,3470,3550,3610,3750,3950,4070,4220,4280,4340,4370,4340,4460,4500,4520,4540,4630,4690,4770,4740,4720,4670,4360,4460,4540,4660,4750
Ecuador,2390,2440,2490,2470,2580,2590,2500,2540,2510,2550,2650,2730,2790,3090,3330,3600,3750,3710,3820,3850,3890,4000,3920,3800,3800,3850,3890,3790,3920,3870,3920,4000,4000,4000,4090,4100,4090,4190,4250,3980,3950,4050,4170,4220,4430,4590,4710,4720,4940,4910,5020,5360,5580,5890,6060,5980,5850,6100,6060,5970,5360,5820,6110,6170,6000
Egypt,755,773,782,842,915,936,959,943,905,930,959,975,982,993,986,1050,1160,1240,1310,1340,1430,1500,1600,1630,1740,1790,1820,1840,1880,1920,1970,1940,1980,1990,2020,2070,2130,2200,2280,2360,2460,2490,2500,2520,2570,2640,2760,2900,3050,3140,3230,3220,3220,3220,3240,3310,3380,3450,3570,3700,3770,3840,4030,4110,4140
Eritrea,,,,,,,,,,,,,,,,,,,,,,,,,,,,,,,,,642,706,830,807,839,895,899,886,845,893,889,830,809,810,789,789,693,702,704,751,,,,,,,,,,,,,
Spain,6280,6960,7590,8240,8590,9030,9590,9880,10.4k,11.2k,11.6k,12k,12.8k,13.6k,14.2k,14.2k,14.5k,14.7k,14.8k,14.7k,14.9k,14.8k,14.9k,15k,15.3k,15.5k,16k,16.9k,17.7k,18.5k,19.2k,19.6k,19.7k,19.4k,19.8k,20.2k,20.7k,21.3k,22.1k,23k,24.1k,24.9k,25.2k,25.5k,25.8k,26.3k,26.9k,27.3k,27.1k,25.9k,25.8k,25.5k,24.8k,24.5k,24.9k,26k,26.7k,27.4k,28k,28.3k,25.1k,26.7k,28.2k,28.6k,29.2k
Estonia,,,,,,,,,,,,,,,,,,,,,,,,,,,,,,,9340,8640,6930,6710,6740,7170,7640,8730,9200,9130,10k,10.7k,11.5k,12.4k,13.3k,14.7k,16.2k,17.5k,16.7k,14.3k,14.7k,15.8k,16.5k,16.8k,17.4k,17.7k,18.3k,19.3k,19.9k,20.6k,19.9k,21.4k,21.1k,20.1k,20k
Ethiopia,,240,244,249,252,260,272,275,279,275,277,287,291,298,300,296,289,292,295,287,304,309,300,316,299,258,275,303,293,281,278,247,216,236,235,242,263,262,246,250,257,270,266,253,279,302,326,352,379,401,439,474,501,539,579,622,662,706,734,775,799,822,844,876,916
Finland,11.2k,11.9k,12.2k,12.5k,13.1k,13.7k,14k,14.2k,14.5k,15.9k,17.1k,17.5k,18.8k,20k,20.5k,20.8k,20.8k,20.8k,21.3k,22.8k,23.9k,24.2k,24.8k,25.4k,26.1k,26.9k,27.5k,28.4k,29.8k,31.2k,31.3k,29.3k,28.2k,27.8k,28.8k,29.9k,30.9k,32.8k,34.5k,35.9k,37.9k,38.8k,39.3k,40k,41.5k,42.5k,44.1k,46.2k,46.4k,42.4k,43.6k,44.4k,43.5k,42.9k,42.5k,42.6k,43.5k,44.9k,45.3k,45.9k,44.7k,45.8k,46k,45.4k,44.9k
Fiji,2140,2140,2150,2220,2260,2130,2070,2290,2410,2420,2680,2810,2970,3260,3300,3270,3300,3430,3410,3740,3590,3730,3420,3210,3390,3160,3330,3070,3060,3260,3410,3300,3470,3520,3680,3760,3910,3790,3790,4070,3960,4000,4090,4090,4260,4260,4300,4220,4240,4160,4270,4380,4430,4630,4880,5100,5220,5500,5720,5700,4730,4490,5360,5740,5930
France,10.7k,11.1k,11.8k,12.4k,13k,13.5k,14.1k,14.7k,15.2k,16.2k,17k,17.8k,18.4k,19.5k,20.2k,19.9k,20.7k,21.3k,22.1k,22.8k,23.1k,23.2k,23.7k,23.8k,24.1k,24.4k,24.8k,25.3k,26.4k,27.4k,28k,28.2k,28.5k,28.3k,28.8k,29.4k,29.7k,30.3k,31.3k,32.2k,33.3k,33.6k,33.8k,33.8k,34.6k,34.9k,35.6k,36.3k,36.3k,35.1k,35.6k,36.3k,36.2k,36.3k,36.4k,36.7k,36.9k,37.6k,38.1k,38.7k,35.7k,38k,38.9k,39.1k,39.4k
Faeroe Islands,,,,,,,,,,,,,,,,,,,,,,,,,,,,,,,,,,,,,,,,,,,,,,,,,44.6k,42.4k,42.3k,43.9k,47.3k,50.1k,52.6k,52.6k,52.8k,53.8k,54.4k,56k,54.3k,56.5k,57.8k,58.7k,
"Micronesia, Fed. Sts.",,,,,,,,,,,1710,1700,1670,2180,2450,2390,2340,2340,2400,2380,2140,2280,2150,2130,1990,2250,2360,2330,2330,2370,2410,2540,2590,2740,2680,2840,2730,2560,2630,2660,2770,2830,2840,2890,2810,2880,2900,2860,2820,2880,2950,3040,2980,2860,2790,2910,2920,2930,2920,3030,2960,3030,2930,2930,2940
Gabon,3310,3760,3990,4180,4310,4600,4740,4860,4900,5200,5530,5970,6510,7030,9590,11.2k,14.8k,12.7k,9380,9190,9180,9400,8870,9110,9530,9060,8740,7040,7730,8160,8350,8630,8140,8240,8320,8510,8600,8870,8950,7940,7600,7560,7340,7300,7150,7130,6720,6910,6470,6260,6480,6700,6800,6940,7000,7050,6990,6840,6720,6820,6530,6480,6530,6540,6620
Isle of Man,,,,,,,,,,,,,,,,,,,,,,,,,18.3k,18.4k,21.8k,23.7k,26k,27.4k,28k,28.1k,28.1k,28.7k,29.7k,30.8k,32.9k,35.3k,39.6k,44.5k,46.3k,48.3k,50.7k,53.2k,55.5k,58.2k,62.1k,66k,68.5k,69.2k,70.7k,71.7k,77k,80.4k,84.8k,84.8k,90.8k,93.2k,95k,95.1k,86.6k,89.9k,86.1k,,
UK,15.1k,15.4k,15.5k,16.1k,16.9k,17.1k,17.3k,17.7k,18.6k,18.9k,19.3k,19.9k,20.7k,22k,21.4k,21.1k,21.7k,22.3k,23.2k,24k,23.5k,23.3k,23.8k,24.8k,25.3k,26.3k,27.1k,28.5k,30k,30.7k,30.9k,30.4k,30.5k,31.2k,32.3k,33k,33.8k,35.3k,36.4k,37.4k,38.9k,39.8k,40.3k,41.4k,42.2k,43k,43.7k,44.5k,44.1k,41.7k,42.3k,42.5k,42.8k,43.3k,44.3k,45k,45.5k,46.4k,46.9k,47.4k,42.4k,45.9k,47.7k,47.3k,47.3k
Georgia,1440,1480,1540,1580,1640,1790,1900,2000,2070,2150,2390,2420,2460,2600,2810,2990,3150,3350,3570,3810,3950,4120,4170,4310,4510,4690,4270,4290,4480,4150,3530,2770,1510,1060,966,1030,1190,1350,1430,1500,1560,1660,1770,1980,2110,2320,2550,2890,2970,2890,3090,3360,3610,3810,3960,4090,4230,4440,4710,4980,4660,5180,5740,6180,6840
Ghana,1100,1110,1120,1150,1140,1130,1060,1060,1040,1080,1150,1180,1120,1120,1160,987,925,918,966,914,892,837,756,700,742,763,785,804,829,850,856,879,890,911,918,934,954,971,992,1010,1020,1040,1050,1080,1110,1140,1190,1210,1280,1310,1380,1540,1640,1720,1730,1720,1740,1840,1920,2000,1970,2030,2070,2090,2170
Guinea,,,,,,,,,,,454,470,472,472,489,495,526,500,526,511,515,509,507,503,499,512,515,518,537,544,548,541,541,551,556,566,574,592,602,611,614,628,651,644,645,651,645,674,685,661,676,696,720,730,738,747,807,868,900,926,946,974,988,1020,1050
Gambia,,,,,,,541,526,561,559,576,560,545,578,594,648,675,676,696,664,682,681,652,697,694,662,662,651,653,663,659,651,646,642,623,610,605,617,621,643,660,680,640,666,694,659,637,637,658,681,701,625,639,639,612,620,615,629,658,683,671,689,711,728,752
Guinea-Bissau,,,,,,,,,,,530,508,540,540,546,555,546,474,503,495,411,478,491,466,501,514,501,508,523,545,569,586,575,568,568,578,632,661,503,576,571,586,594,579,573,596,597,597,609,608,626,659,631,634,624,645,663,677,686,708,707,727,751,767,786
Equatorial Guinea,,,,,,,,,,,,,,,,,,,,,458,461,443,437,415,443,413,413,407,387,366,349,454,485,546,617,990,2380,2830,3420,3840,5880,6600,7080,9210,10.2k,10.5k,11.6k,13k,12.6k,11k,11.2k,11.7k,10.7k,10.4k,9070,7970,7260,6580,6020,5580,5490,5520,5120,5040
Greece,4990,5600,5590,6230,6790,7480,7910,8290,8830,9810,10.7k,11.5k,12.5k,13.5k,12.6k,13.2k,13.9k,14.2k,15k,15.3k,15.2k,14.9k,14.6k,14.4k,14.6k,14.9k,14.9k,14.5k,15.1k,15.6k,15.4k,15.7k,15.7k,15.4k,15.6k,15.9k,16k,16.5k,17k,17.4k,18k,18.7k,19.5k,20.6k,21.7k,21.9k,23.2k,24k,23.9k,22.9k,21.5k,19.4k,17.9k,17.6k,17.9k,18k,18k,18.4k,18.8k,19.2k,17.5k,19.2k,20.6k,21.1k,21.7k
Grenada,,,,,,,,,,,,,,,,,,3040,3230,3440,3450,3520,3660,3770,3880,4080,4350,4710,4810,4950,5100,5130,5050,4910,4960,5030,5210,5440,6040,6410,6680,6510,6710,7310,7230,8160,7810,8260,8310,7730,7670,7700,7560,7690,8210,8690,8980,9360,9740,9790,8410,8780,9410,9830,10.2k
Greenland,,,,,,,,,,,15.4k,17.1k,17.7k,18.7k,19.5k,19.6k,20.7k,22.7k,24.2k,25.1k,27k,26.8k,25.3k,25.9k,24.3k,24.9k,26.6k,27.7k,28.9k,30.5k,26.8k,26.8k,25.5k,24.3k,25.6k,26.4k,26.8k,27.1k,29.2k,29.6k,31.6k,31.9k,31.5k,32.8k,35k,36.7k,38.8k,39.9k,42.5k,42.9k,43.5k,43k,43.7k,43.3k,45.5k,44.5k,46.6k,46.6k,47k,48.2k,48.2k,48.7k,49.7k,49.9k,
Guatemala,1880,1910,1920,2040,2070,2100,2160,2180,2310,2350,2420,2490,2610,2720,2820,2800,2940,3110,3180,3250,3290,3230,3040,2890,2830,2730,2660,2680,2710,2730,2740,2770,2820,2860,2890,2960,2970,3020,3090,3130,3170,3170,3210,3220,3250,3280,3390,3530,3570,3520,3550,3620,3660,3720,3810,3890,3920,3970,4040,4140,4010,4270,4390,4470,4560
Guam,,,,,,,,,,,,,,,,,,,,,,,,,,,,,,,,,,,,,,,,,,,29.6k,29.7k,31.5k,32.5k,31.2k,31.4k,31.9k,32k,32.6k,32.7k,33.4k,34k,34.8k,35.2k,35.4k,35.9k,35.7k,36.8k,32.9k,33.2k,34.6k,,
Guyana,2730,2800,2770,2370,2590,2800,2890,2950,2920,3060,3130,3180,3040,3040,3240,3480,3500,3380,3290,3210,3250,3290,2850,2660,2530,2600,2590,2630,2550,2440,2380,2530,2720,2930,3160,3310,3570,3780,3710,3810,3760,3850,3890,3870,3940,3870,4080,4380,4470,4650,4860,5130,5400,5570,5640,5640,5820,6000,6080,6280,9010,10.7k,17.4k,23.1k,32.9k
"Hong Kong, China",,3960,4330,4850,5140,5740,5790,5740,5810,6360,6780,7120,7730,8440,8370,8250,9470,10.4k,11.1k,11.7k,12.6k,13.4k,13.6k,14.2k,15.4k,15.4k,16.9k,18.9k,20.4k,20.6k,21.4k,22.4k,23.6k,24.6k,25.5k,25.6k,25.6k,26.6k,24.9k,25.2k,26.9k,26.9k,27.2k,28.1k,30.3k,32.4k,34.5k,36.4k,36.9k,35.9k,38.1k,39.7k,39.9k,41k,41.8k,42.4k,43.1k,44.4k,45.3k,44.2k,41.5k,44.5k,43.3k,43.5k,44.7k
Honduras,1210,1190,1230,1240,1270,1340,1370,1410,1470,1430,1440,1450,1490,1560,1500,1490,1590,1700,1750,1790,1750,1670,1590,1560,1610,1650,1690,1750,1730,1730,1730,1630,1680,1730,1690,1740,1730,1760,1770,1710,1790,1790,1810,1840,1910,1980,2060,2130,2180,2080,2110,2140,2190,2210,2230,2270,2320,2380,2430,2450,2190,2420,2480,2530,2570
Croatia,,,,,,,,,,,,,,,,,,,,,,,,,,,,,,,9750,7840,7090,6490,6790,7300,7860,8380,8580,8540,8880,9520,10.1k,10.6k,11.1k,11.5k,12.1k,12.7k,13k,12.1k,12k,12k,11.8k,11.8k,11.9k,12.3k,12.8k,13.5k,14.1k,14.6k,13.5k,15.4k,16.6k,17.1k,17.8k
Haiti,1740,1650,1750,1690,1630,1640,1600,1530,1550,1580,1560,1630,1620,1660,1730,1710,1820,1850,1930,2040,2150,2050,1930,1910,1880,1860,1810,1760,1730,1640,1630,1620,1510,1400,1210,1300,1330,1340,1340,1360,1340,1310,1300,1330,1290,1300,1310,1340,1360,1410,1320,1370,1350,1390,1410,1410,1420,1430,1440,1390,1330,1290,1260,1220,1150
Hungary,2080,2170,2300,2420,2530,3590,3840,4120,4300,4580,4780,5060,5350,5700,6010,6350,6540,7000,7280,7470,7480,7690,7910,7980,8210,8210,8350,8700,8710,8870,8650,7620,7390,7350,7580,7700,7730,7970,8300,8580,8980,9370,9840,10.3k,10.8k,11.3k,11.7k,11.8k,11.9k,11.1k,11.3k,11.5k,11.4k,11.7k,12.3k,12.8k,13.1k,13.7k,14.5k,15.3k,14.7k,15.8k,16.5k,16.4k,16.5k
Indonesia,598,615,609,578,582,574,576,569,614,638,668,695,725,763,801,820,854,907,945,990,1060,1120,1120,1140,1190,1200,1240,1280,1320,1400,1470,1540,1620,1690,1790,1910,2020,2080,1780,1770,1830,1870,1930,1990,2070,2160,2240,2360,2460,2550,2670,2800,2930,3060,3170,3290,3420,3550,3700,3850,3740,3850,4020,4190,4370
India,313,317,318,330,346,329,322,340,344,359,369,367,357,361,357,380,377,395,409,378,394,408,413,432,439,451,462,469,503,521,538,532,549,563,589,621,654,668,695,743,757,779,794,841,893,948,1010,1070,1090,1160,1240,1280,1330,1400,1480,1580,1690,1790,1880,1940,1810,1970,2100,2270,2400
Ireland,8530,8970,9220,9610,9920,10.1k,10.1k,10.7k,11.5k,12.1k,12.3k,12.6k,13.2k,13.6k,14k,14.5k,14.5k,15.5k,16.3k,16.6k,16.9k,17.3k,17.5k,17.4k,18k,18.5k,18.4k,19.3k,20.4k,21.7k,23.5k,23.8k,24.4k,25k,26.3k,28.7k,30.6k,33.6k,36.1k,39.5k,42.6k,44.2k,46k,46.6k,48.9k,50.6k,51.7k,52.9k,49.5k,46.5k,47k,47.6k,47.2k,48k,52.1k,64.3k,64.3k,69.8k,74k,76.5k,80.9k,92.8k,98.8k,91.6k,91.5k
Iran,2350,2510,2630,2730,2870,3260,3520,3800,4220,4730,5090,5610,6240,6510,6690,6470,7420,7000,5900,5020,3790,3390,3970,4240,3790,3720,3230,3120,2830,2920,3220,3530,3580,3510,3450,3490,3670,3680,3700,3730,3890,3920,4200,4510,4610,4650,4780,5080,5040,5020,5250,5320,5060,4920,5090,4950,5310,5380,5220,5000,5130,5330,5460,5670,5780
Iraq,998,1050,1060,1050,1170,1250,1270,1120,1290,1290,1300,1320,1330,1340,1500,1630,1850,1830,2070,2420,2920,2820,2830,2390,2280,2260,2310,2450,2400,2260,3530,1250,1620,2010,1990,1960,2110,2480,3240,3690,4170,4120,3660,2250,3350,3310,3470,3570,3780,3770,3880,4030,4390,4500,4450,4440,4930,4740,4750,4900,4210,4180,4410,4340,4180
Iceland,13.5k,13.2k,14.1k,15.2k,16.5k,17.3k,18.6k,18k,16.8k,17k,18.2k,20.4k,21.4k,22.5k,23.5k,23.3k,24.5k,26.4k,27.8k,28.9k,30.2k,31.1k,31.4k,30.3k,31.2k,32k,33.7k,36.2k,35.6k,35.3k,35.4k,34.9k,33.3k,33.4k,34.3k,34.2k,35.6k,37.3k,39.6k,40.7k,42.2k,43.3k,43.1k,43.8k,46.8k,48.9k,50.7k,53.6k,53.8k,49.5k,48.2k,48.9k,49.2k,50.9k,51.2k,53k,55.5k,56.5k,57.7k,57.5k,52.6k,54.4k,57.8k,59.3k,58k
Israel,8790,9460,9930,10.6k,11k,11.6k,11.3k,11.1k,12.7k,14k,14.5k,15.6k,17.1k,17.3k,17.9k,18.1k,17.7k,17.5k,18.1k,18.7k,18.6k,19.2k,19.2k,19.5k,19.5k,19.9k,20.4k,21.5k,21.8k,21.5k,22.4k,22.7k,23.6k,24k,25.1k,26.1k,26.9k,27.1k,27.6k,27.8k,29.4k,28.8k,28.2k,28.1k,28.9k,29.6k,30.7k,32.1k,32.6k,32.2k,33.3k,34.5k,34.7k,35.5k,36.1k,36.2k,37.1k,38k,38.7k,39.4k,37.9k,40.8k,42.5k,42k,41.8k
Italy,9730,10.5k,11k,11.6k,11.8k,12.1k,12.7k,13.5k,14.3k,15.1k,15.8k,16k,16.5k,17.6k,18.4k,17.9k,19.1k,19.5k,20.1k,21.2k,21.9k,22.1k,22.1k,22.4k,23.1k,23.7k,24.4k,25.2k,26.2k,27.1k,27.6k,28k,28.2k,28k,28.6k,29.4k,29.8k,30.4k,30.9k,31.4k,32.6k,33.2k,33.3k,33.1k,33.3k,33.4k,33.9k,34.2k,33.6k,31.6k,31.9k,32k,31k,30.3k,30.3k,30.6k,31.1k,31.6k,31.8k,32.2k,29.5k,32.3k,33.9k,34.1k,34.4k
Jamaica,,,,,,,3920,3940,4120,4300,4760,4820,5600,5210,4920,4840,4450,4290,4230,4140,3860,3910,3930,3950,3840,3690,3720,3980,4110,4380,4530,4700,4750,5140,5160,5230,5170,5070,4910,4920,4930,4960,5030,5180,5220,5240,5360,5410,5350,5090,5000,5060,5010,5020,5030,5060,5120,5160,5250,5290,4750,4960,5220,5350,5310
Jordan,,,,,,,,,,,,,,,,,2930,3070,3420,3990,4280,4820,4940,4620,4610,4280,4310,4210,4080,3470,3200,3010,3260,3240,3240,3300,3260,3280,3300,3340,3410,3520,3640,3710,3940,4150,4210,4290,4490,4620,4620,4630,4680,4560,4280,4040,3930,3940,3930,3920,3810,3870,3910,3960,4020
Japan,6390,7090,7660,8220,9080,9510,10.4k,11.5k,12.8k,14.2k,14.1k,14.5k,15.5k,16.5k,16k,16.3k,16.8k,17.4k,18.1k,19k,19.3k,20k,20.5k,21.1k,21.9k,22.9k,23.5k,24.5k,26k,27.2k,28.4k,29.3k,29.5k,29.2k,29.5k,30.2k,31k,31.3k,30.8k,30.6k,31.4k,31.5k,31.4k,31.8k,32.5k,33.1k,33.5k,34k,33.6k,31.7k,32.9k,33k,33.5k,34.2k,34.4k,35k,35.2k,35.9k,36.1k,36k,34.6k,35.7k,36.2k,37k,37.1k
Kazakhstan,,,,,,,,,,,,,,,,,,,,,,,,,,,,,,,5560,4910,4640,4220,3740,3500,3580,3730,3750,3900,4270,4820,5270,5720,6230,6790,7450,8040,8220,8220,8700,9220,9530,9960,10.2k,10.2k,10.2k,10.4k,10.7k,11k,10.6k,10.9k,11.1k,11.5k,11.9k
Kenya,793,705,742,777,784,768,847,841,873,907,832,980,1110,1130,1140,1110,1100,1170,1200,1250,1280,1280,1250,1220,1200,1200,1250,1270,1310,1320,1330,1310,1260,1220,1220,1240,1250,1230,1230,1220,1200,1200,1170,1170,1190,1220,1260,1310,1270,1280,1340,1370,1400,1410,1450,1490,1520,1540,1600,1650,1610,1700,1750,1810,1850
Kyrgyz Republic,,,,,,,,,,,,,,,,,,,,,,,,,,,1020,1040,1150,1160,1200,1090,928,785,627,587,620,671,675,689,718,749,742,786,831,821,837,900,966,981,963,1010,986,1070,1090,1110,1130,1160,1180,1200,1090,1130,1210,1300,1390
Cambodia,,,,,,,,,,,,,,,,776,832,768,836,746,689,678,659,664,672,680,679,791,852,849,824,851,862,845,514,521,512,497,499,553,599,633,662,719,776,866,947,1030,1090,1120,1160,1220,1300,1380,1460,1550,1650,1750,1880,2010,1910,1940,2010,2090,2180
Kiribati,,,,,,,,,,,1470,1410,1550,1840,2660,2820,2070,1990,2030,1780,1730,1810,1760,1570,1750,1490,1420,1410,1680,1520,1390,1280,1560,1540,1550,1570,1540,1530,1570,1480,1560,1480,1470,1420,1380,1370,1420,1430,1360,1340,1330,1350,1410,1490,1490,1640,1730,1770,1800,1840,1780,1890,1950,1970,2040
St. Kitts and Nevis,,,,,,,,,,,,,,,,,,4470,4660,5040,5490,5590,5650,5740,6280,6860,7650,8200,9020,9590,10.1k,9970,10.3k,10.9k,11.3k,11.7k,12.3k,12.9k,12.7k,12.9k,14k,14.6k,14.7k,14.1k,14.6k,16k,16.5k,16.5k,18.3k,17.7k,17.7k,18k,17.8k,18.8k,20.2k,20.3k,21.1k,21.2k,21.6k,22.3k,18.9k,19k,21k,21.9k,22.1k
South Korea,1030,1070,1080,1140,1220,1270,1390,1480,1640,1840,1980,2140,2260,2550,2740,2910,3240,3580,3910,4190,4060,4280,4570,5100,5570,5950,6560,7320,8120,8610,9370,10.3k,10.8k,11.4k,12.4k,13.4k,14.3k,15.1k,14.2k,15.7k,17k,17.7k,18.9k,19.4k,20.4k,21.2k,22.2k,23.4k,23.9k,24k,25.5k,26.2k,26.7k,27.4k,28.1k,28.7k,29.5k,30.3k,31.1k,31.6k,31.4k,32.8k,33.7k,34.1k,
Kosovo,,,,,,,,,,,,,,,,,,,,,,,,,,,,,,,,,,,,,,,,,,,,,,,,,2540,2680,2820,3000,3020,3160,3280,3520,3740,3890,4010,4220,3990,4430,4670,5100,5870
Kuwait,,,,,,,,,,,68.6k,68.7k,67.1k,59k,48.3k,39.8k,39.8k,35.9k,36.1k,38.8k,29.5k,22.8k,19.1k,19.7k,19.8k,18.3k,19k,19.8k,17.1k,20.7k,20.1k,14.8k,22.4k,29.3k,31.9k,33.2k,32.4k,32.2k,32.3k,30.8k,31.3k,30.6k,30.7k,35.2k,37.9k,40.5k,41.1k,41.1k,39.9k,35.1k,32.6k,33.5k,33.6k,32.3k,31.1k,29.9k,29.5k,27k,26.7k,26.6k,25.5k,26.2k,26.6k,24.7k,23.5k
Lao,,,,,,,,,,,,,,,,,,,,,,,,,580,593,604,579,551,612,635,643,661,681,718,749,783,819,836,882,917,954,994,1040,1090,1150,1230,1300,1380,1460,1560,1670,1770,1890,2010,2120,2230,2350,2460,2550,2530,2560,2590,2650,2720
Lebanon,,,,,,,,,,,,,,,,,,,,,,,,,,,,,3930,2220,2750,4030,4600,4990,5300,5540,6050,6010,6120,5980,5960,6090,6210,6320,6630,6710,6700,7180,7700,8380,8960,8940,8920,8440,7830,7710,8020,8310,8390,8060,6440,5970,5910,5830,
Liberia,2440,2440,2420,2410,2470,2520,2650,2760,2820,2950,3060,3130,3180,3030,3090,2900,2970,2940,2990,3000,2790,2650,2510,2390,2270,2190,2090,2010,1910,1360,754,735,451,290,228,216,235,449,529,609,755,754,763,529,536,540,551,575,591,603,622,647,674,717,707,693,668,671,666,637,605,622,638,653,670
Libya,2820,2970,3780,4890,6840,8530,9860,10.7k,13.9k,15.2k,15.5k,14.2k,15k,14.7k,17k,16.8k,19.5k,20k,19.5k,20.1k,19.1k,14.6k,14.6k,14.2k,13.3k,14k,12k,9980,10.5k,10.9k,11.1k,12.5k,11.9k,11.3k,11.3k,10.8k,10.9k,11.3k,10.7k,10.6k,10.9k,10.5k,10.2k,11.3k,11.5k,12.6k,13.2k,13.7k,13.4k,12.5k,12.9k,6570,12.6k,10.1k,7640,7460,7240,9440,10k,8770,6100,7730,7010,7630,7510
St. Lucia,,,,,,,,,,,,,,,,,,4230,4600,4710,4530,4750,4770,4930,5200,5540,6240,6390,7180,7740,8420,8350,8880,8800,8810,8820,8950,8760,9180,9310,9200,8800,8760,9050,9640,9530,10k,10.1k,10.6k,10.2k,10.2k,10.6k,10.5k,10.3k,10.4k,10.3k,10.6k,11k,11.2k,11.1k,8380,9340,11.2k,11.4k,11.9k
Liechtenstein,,,,,,,,,,,,,,,,,,,,,,,,,,,,,,,,,,,,,,,,,,,,,,,,,,,,,,,,167k,,,,,,,,,
Sri Lanka,,659,668,668,678,678,695,722,746,785,797,790,771,810,825,860,873,901,935,976,1010,1050,1080,1130,1180,1230,1270,1280,1300,1310,1390,1440,1480,1560,1620,1680,1710,1790,1840,1880,1960,1900,1950,2050,2150,2270,2430,2570,2710,2790,2990,3230,3480,3730,3930,4060,4210,4440,4490,4460,4230,4360,4030,3960,4190
Lesotho,263,260,291,312,328,326,314,336,323,316,312,316,304,372,399,333,358,424,487,487,460,450,457,453,464,463,472,465,495,513,534,561,590,602,629,642,670,690,697,698,725,752,760,799,818,854,894,927,972,953,995,1030,1090,1090,1100,1120,1150,1100,1070,1040,945,955,968,974,990
Lithuania,,,,,,,,,,,,,,,,,,,,,,,,,,,,,,,8330,7850,6190,5210,4730,4920,5210,5690,6150,6130,6380,6850,7370,8220,8850,9690,10.6k,11.9k,12.3k,10.6k,10.9k,11.8k,12.5k,13.1k,13.8k,14.3k,14.8k,15.7k,16.6k,17.4k,17.4k,18.6k,18.9k,18.7k,19.1k
Luxembourg,27.9k,28.7k,28.7k,29.4k,31.3k,30.8k,30.9k,30.8k,32k,35.1k,35.5k,36.1k,38k,40.7k,41.9k,38.7k,39.5k,40.1k,41.6k,42.5k,42.7k,42.3k,42.8k,44.1k,46.7k,47.9k,52.5k,54.2k,58.4k,63.5k,66k,70.8k,71.1k,73.1k,74.9k,74.9k,74.9k,78k,82.2k,87.7k,92.5k,94.2k,96.3k,97.6k,100k,101k,106k,112k,110k,105k,107k,105k,104k,105k,106k,105k,108k,107k,107k,108k,105k,111k,107k,105k,104k
Latvia,,,,,,,,,,,,,,,,,,,,,,,,,,,,,,,7620,6690,4610,4460,4640,4660,4820,5320,5720,5930,6340,6830,7440,8150,8960,10.1k,11.5k,12.8k,12.5k,10.7k,10.5k,11k,12k,12.4k,12.7k,13.3k,13.8k,14.4k,15.1k,15.3k,14.9k,16.1k,16.4k,16.9k,17k
"Macao, China",,,,,,,,,,,,,,,,,,,,,,,23k,24k,24.7k,24.3k,25.4k,28k,29.3k,29.9k,31.4k,31k,33.3k,33.8k,34.1k,34.2k,33.5k,33.3k,31.4k,30.3k,31.8k,32.4k,35k,38.6k,47.7k,49.5k,53.2k,58.4k,58.1k,59.5k,74.2k,88.1k,93.2k,99k,92.3k,70.1k,68.6k,75.8k,79.4k,75.8k,34k,42.1k,34.1k,59.6k,64.1k
Morocco,,,,,,,844,904,967,1020,1040,1070,1070,1080,1110,1170,1260,1310,1300,1330,1340,1280,1360,1340,1390,1440,1540,1510,1650,1670,1700,1790,1720,1680,1830,1710,1890,1830,1930,1940,1960,2080,2130,2230,2300,2340,2490,2540,2650,2710,2770,2880,2930,3010,3050,3150,3120,3240,3300,3360,3090,3310,3330,3400,3480
Monaco,,,,,,,,,,,72.8k,75.6k,78.2k,82.6k,85.7k,84k,86.4k,88.2k,90.5k,92.7k,93.5k,93.7k,95.1k,94.8k,94.9k,95.3k,96.4k,97.6k,101k,104k,106k,106k,107k,105k,106k,108k,108k,110k,113k,116k,120k,123k,124k,126k,129k,132k,141k,162k,163k,142k,142k,148k,146k,157k,165k,170k,173k,166k,173k,186k,161k,195k,214k,225k,
Moldova,,,,,,,,,,,,,,,,,,,,,,,,,,,,,,,3740,3140,2230,2200,1530,1510,1430,1450,1360,1320,1350,1430,1550,1650,1780,1920,2020,2080,2250,2120,2270,2400,2390,2610,2740,2750,2910,3090,3270,3440,3190,3690,3610,3760,3870
Madagascar,812,808,805,777,787,763,759,780,811,818,837,844,810,765,758,744,700,695,656,699,685,600,571,560,553,544,538,530,532,538,539,490,481,476,461,455,450,451,454,460,466,478,407,434,443,451,462,474,491,458,447,442,443,441,443,445,451,457,459,467,423,432,439,446,453
Maldives,,,,,,,,,,,1530,1560,1550,1520,1570,1400,1360,1470,1650,1770,2050,2220,2100,2370,2930,3270,3460,3630,3820,4040,4580,4510,4670,4800,5050,5580,5890,6250,6600,6890,7040,6650,7010,7850,8170,7140,8620,8930,9400,8310,8570,9010,8910,9210,9610,9640,9910,10.3k,10.8k,11.2k,7300,9760,10.9k,11.4k,12k
Mexico,4150,4220,4280,4470,4850,5020,5150,5280,5590,5600,5770,5810,6100,6390,6560,6740,6850,6890,7310,7810,8290,8880,8680,8100,8210,8190,7710,7720,7660,7780,8040,8200,8330,8410,8620,7970,8320,8770,9160,9260,9580,9400,9240,9220,9420,9490,9810,9880,9830,9070,9390,9580,9780,9740,9860,10k,10.1k,10.2k,10.3k,10.2k,9230,9730,10k,10.3k,10.3k
Marshall Islands,,,,,,,,,,,2040,2010,1980,2590,2900,2810,2730,2700,2770,2740,2450,2510,2520,2800,2790,2510,3010,3160,3290,3140,3150,3090,3250,3390,3540,3790,3370,3120,3070,3000,3040,3220,3320,3260,3230,3280,3290,3400,3150,3260,3440,3430,3420,3600,3620,3760,3950,4190,4540,5160,5170,5410,5520,5470,5810
North Macedonia,,,,,,,,,,,,,,,,,,,,,,,,,,,,,,,3530,3330,3150,2950,2920,2880,2890,2950,3040,3150,3280,3170,3240,3310,3470,3660,3870,4140,4390,4410,4580,4710,4710,4860,5050,5260,5430,5510,5700,5960,5740,6060,6250,6390,6700
Mali,,,,,,,,369,376,372,388,392,408,395,382,419,468,488,472,511,478,475,431,429,419,494,498,489,516,527,504,552,524,529,538,531,556,570,598,615,597,668,668,706,694,722,745,749,772,782,809,815,787,783,816,838,861,879,893,910,872,872,876,891,908
Malta,,,,,,,,,,,3130,3210,3400,3540,3900,4630,5390,6020,6630,7250,7680,7880,7880,7730,7800,7860,8030,8300,8930,9560,10.1k,10.4k,10.8k,11.2k,11.7k,12.3k,12.7k,13.3k,13.9k,14.4k,17.2k,16.9k,17.3k,17.8k,17.7k,18.1k,18.5k,19.3k,20.1k,19.6k,20.8k,20.9k,21.5k,22.6k,23.9k,25.5k,26k,28.5k,29.5k,29.5k,27.9k,31.4k,32k,32.8k,33.5k
Myanmar,130,128,130,144,133,143,133,123,134,136,139,142,142,138,142,145,151,157,164,170,180,187,194,199,205,206,200,189,165,168,170,167,180,189,200,211,222,232,242,265,299,329,365,411,463,522,586,652,715,786,855,896,953,1020,1100,1170,1230,1290,1360,1440,1300,1140,1170,1180,1160
Montenegro,,,,,,,,,,,,,,,,,,,,,,,,,,,,,,,,,,,,,,4490,4720,4290,4430,4460,4530,4620,4820,5010,5440,5800,6210,5830,5980,6170,5990,6190,6290,6490,6680,6980,7330,7630,6460,7320,7810,8300,8550
Mongolia,,,,,,,,,,,,,,,,,,,,,,1430,1510,1560,1610,1660,1770,1780,1830,1860,1820,1610,1460,1420,1430,1500,1510,1550,1580,1600,1600,1630,1680,1780,1940,2060,2210,2400,2580,2500,2610,3010,3320,3630,3830,3840,3820,3960,4180,4340,4070,4060,4210,4460,4620
Northern Mariana Islands,,,,,,,,,,,,,,,,,,,,,,,,,,,,,,,,,,,,,,,,,,,24.1k,24.7k,24.4k,21.9k,20.9k,20.1k,18.5k,15.7k,16.3k,15.2k,15.5k,16k,16.9k,17.7k,23.2k,29k,23.8k,21.5k,15.4k,16.4k,19.5k,,
Mozambique,,,,,,,,,,,,,,,,,,,,,252,259,236,195,178,177,170,194,210,222,221,227,206,222,220,212,227,247,267,292,287,317,340,357,377,392,421,442,461,476,494,515,540,559,585,611,621,618,621,617,592,588,596,610,604
Mauritania,,1260,1230,1180,1460,1650,1600,1610,1720,1690,1840,1820,1750,1620,1760,1620,1710,1630,1580,1610,1620,1620,1540,1550,1460,1460,1500,1490,1470,1500,1440,1420,1390,1420,1330,1420,1470,1380,1380,1400,1300,1260,1250,1310,1340,1420,1640,1560,1510,1470,1460,1470,1490,1500,1520,1550,1530,1580,1600,1610,1550,1520,1580,1630,1670
Mauritius,1410,1730,1690,1880,1710,1720,1630,1660,1520,1570,1540,1580,1680,1860,1990,1980,2410,2520,2590,2630,2330,2430,2530,2520,2610,2770,3010,3260,3450,3580,3810,3940,4140,4300,4410,4560,4770,4980,5220,5290,5670,5810,5870,6170,6400,6470,6760,7110,7470,7690,8010,8320,8590,8860,9180,9510,9870,10.2k,10.7k,11k,9360,9680,10.6k,11.1k,11.6k
Malawi,260,274,269,259,259,287,318,332,318,329,322,365,378,377,393,405,413,421,446,449,434,395,389,388,393,395,380,368,360,348,354,373,336,363,330,385,405,412,419,422,419,388,385,397,408,410,418,445,466,490,508,518,513,525,540,540,538,545,554,570,559,570,561,557,552
Malaysia,1270,1330,1380,1440,1480,1550,1630,1650,1750,1790,1860,1990,2130,2320,2460,2420,2630,2770,2880,3080,3220,3330,3420,3520,3670,3520,3440,3510,3740,3950,4180,4460,4730,5060,5390,5770,6190,6480,5860,6070,6460,6330,6520,6730,7030,7230,7470,7770,7980,7700,8120,8400,8710,8960,9340,9650,9900,10.3k,10.6k,10.9k,10.2k,10.4k,11.2k,11.4k,11.9k
Namibia,,,,,,,,,,,,,,,,,,,,,3540,3540,3460,3310,3210,3140,3190,3200,3110,2970,2860,2990,3100,2960,2920,2950,2960,3000,3030,3050,3080,3060,3150,3230,3580,3630,3830,3990,4040,3990,4170,4300,4420,4550,4700,4770,4650,4480,4400,4240,3790,3810,3910,3980,4030
New Caledonia,,,,,,,,,,,,,,,,,,,,,,,,,,,,,,,,,,,,,,,,,,,,,,,,,,,,,,,,30.9k,,,,,,,,,
Niger,742,754,808,859,835,868,841,818,799,735,737,758,700,566,599,567,555,582,641,667,632,612,607,567,458,478,494,480,497,487,466,450,445,432,426,423,409,402,427,412,393,407,412,406,393,407,416,413,429,422,441,435,463,470,483,486,495,502,520,532,533,523,567,558,585
Nigeria,1450,1430,1460,1550,1590,1630,1530,1260,1220,1480,1810,2020,2040,2090,2270,2090,2210,2280,2080,2160,2180,1830,1660,1440,1390,1430,1390,1400,1460,1450,1580,1540,1570,1500,1430,1400,1420,1420,1420,1390,1420,1470,1640,1720,1820,1890,1950,2020,2100,2200,2320,2370,2400,2500,2580,2590,2480,2440,2430,2430,2340,2370,2400,2420,2450
Nicaragua,1670,1740,1880,2020,2190,2330,2330,2410,2370,2440,2400,2400,2380,2460,2730,2640,2700,2840,2540,1820,1850,1890,1830,1860,1790,1680,1620,1570,1350,1290,1260,1230,1210,1180,1190,1230,1290,1320,1350,1420,1460,1480,1480,1490,1560,1600,1640,1700,1740,1660,1700,1790,1880,1940,2010,2070,2140,2210,2110,2020,1950,2130,2180,2240,2290
Netherlands,14.4k,14.2k,15k,15.3k,16.4k,17.5k,17.8k,18.5k,19.5k,20.5k,21.5k,22.2k,22.7k,23.8k,24.4k,24.2k,25k,25.5k,26.1k,26.4k,26.5k,26.1k,25.7k,26.1k,26.8k,27.4k,28k,28.4k,29.2k,30.3k,31.3k,31.8k,32.1k,32.3k,33.1k,33.9k,34.9k,36.2k,37.7k,39.3k,40.7k,41.3k,41.1k,41k,41.7k,42.4k,43.8k,45.4k,46.2k,44.3k,44.7k,45.2k,44.6k,44.5k,45k,45.8k,46.7k,47.7k,48.5k,49.3k,47.1k,49.8k,51.8k,51.3k,51.5k
Curaçao,,,,,,,,,,,,,,,,,,,,,,,,,,,,,,,,,,,,,,,,,21.5k,22.2k,22.2k,21.8k,21.5k,21.1k,20.9k,21k,21.2k,21k,20.7k,20.5k,20.3k,19.9k,19.5k,19.4k,19k,18.7k,18.4k,18k,14.9k,15.8k,17.3k,17.4k,
Norway,19.2k,20.3k,20.7k,21.3k,22.2k,23.2k,23.9k,25.1k,25.5k,26.4k,26.7k,28.1k,29.3k,30.4k,31.4k,32.8k,34.6k,35.9k,37.1k,38.6k,40.2k,40.7k,40.7k,42.1k,44.6k,46.9k,48.6k,49.2k,48.9k,49.2k,49.9k,51.2k,52.8k,53.9k,56.3k,58.4k,61k,63.9k,65.2k,66.1k,67.8k,68.9k,69.5k,69.7k,72.1k,73.5k,74.7k,76.1k,75.5k,73.1k,72.8k,72.7k,73.7k,73.5k,74.2k,74.8k,75k,76.2k,76.4k,76.7k,75.3k,77.8k,79.6k,78.8k,79.7k
Nepal,327,327,327,327,344,333,349,337,332,339,340,329,332,323,336,334,341,343,350,350,334,354,359,340,364,378,386,385,406,414,423,438,443,448,473,478,492,506,512,524,547,564,556,570,589,603,617,633,667,692,721,743,775,801,847,876,875,952,1020,1080,1030,1060,1110,1140,1180
Nauru,,,,,,,,,,,39.6k,40.4k,41.3k,42.1k,43k,43.9k,42.2k,40.4k,38.5k,36.6k,34.7k,32.9k,31.2k,29.7k,28.3k,26.9k,25.6k,24.3k,23.1k,21.9k,20.7k,16.4k,13.5k,11.2k,10.8k,9890,8700,7910,6980,6530,6090,5700,5160,5180,4960,4950,5370,4180,5040,4750,4730,5380,6630,6710,7650,7700,7900,7310,7120,7660,7770,8280,8460,8460,8560
New Zealand,17.8k,18k,18.1k,18.8k,19.6k,20.4k,21.3k,20k,19.8k,21.6k,21k,21.5k,22.2k,23.5k,24.3k,23.5k,23.5k,22.5k,22.5k,23.1k,23.4k,24.4k,24.4k,24.9k,25.9k,26.1k,26.8k,26.9k,26.7k,26.6k,26.4k,24.9k,24.9k,26.2k,27.2k,28k,28.6k,28.8k,28.8k,30.2k,30.9k,31.7k,32.6k,33.5k,34.4k,35.1k,35.7k,36.4k,35.7k,35.4k,35.5k,36k,36.6k,37.3k,38.1k,38.7k,39.2k,39.7k,40.4k,40.7k,39.6k,41.3k,42.7k,42.2k,41.4k
Oman,2350,2340,2760,2830,2770,2730,2800,4550,8070,9880,11k,10.8k,11.5k,9570,10.3k,12.3k,14.2k,13.6k,12.5k,12.3k,12.4k,13.8k,14.5k,16k,17.7k,19k,18.2k,16.5k,16.5k,17.5k,16.6k,16.8k,17.4k,17.7k,17.8k,18.4k,18.6k,19.5k,19.2k,19k,19.9k,20.5k,20.2k,19.5k,19.5k,19.6k,20.1k,20.6k,22k,22.8k,22.8k,21k,19.8k,19.3k,18.7k,18.8k,18.8k,18.3k,18.3k,18.1k,17.7k,18.3k,18.8k,17.8k,17.3k
Pakistan,414,427,435,461,482,518,533,546,569,584,632,617,605,629,633,640,653,658,688,690,730,755,775,799,814,848,865,890,927,941,951,967,1010,1000,1010,1030,1050,1030,1030,1040,1050,1060,1060,1090,1150,1200,1240,1270,1260,1270,1260,1260,1280,1310,1340,1380,1450,1500,1560,1570,1530,1600,1640,1620,1640
Panama,2810,3030,3180,3350,3390,3590,3750,3950,4110,4330,4500,4800,4880,5000,4990,4950,4910,4840,5180,5290,5840,6230,6410,5980,6000,6150,6230,5980,5070,5040,5330,5710,6050,6250,6300,6280,5800,6120,6500,6710,6860,6790,6830,7040,7470,7940,8560,9510,10.3k,10.3k,10.7k,11.8k,12.7k,13.2k,13.6k,14.1k,14.5k,15k,15.4k,15.6k,12.6k,14.6k,15.9k,16.9k,17.1k
Peru,2700,2820,3010,3050,3160,3240,3410,3450,3360,3380,3400,3470,3500,3630,3870,3930,3890,3810,3620,3670,3800,3910,3810,3330,3360,3350,3580,3840,3400,2910,2710,2710,2640,2720,3000,3160,3190,3330,3260,3250,3290,3260,3400,3500,3640,3840,4090,4410,4780,4800,5170,5450,5740,6020,6100,6230,6390,6460,6590,6630,5830,6550,6670,6570,6710
Philippines,1120,1150,1170,1210,1210,1240,1260,1290,1310,1330,1350,1390,1430,1520,1540,1590,1680,1730,1770,1820,1870,1880,1900,1880,1700,1540,1550,1580,1640,1700,1700,1660,1620,1620,1650,1690,1750,1800,1750,1760,1790,1810,1840,1890,1980,2040,2110,2210,2260,2260,2370,2420,2530,2650,2780,2910,3080,3250,3410,3580,3200,3350,3580,3740,3930
Palau,,,,,,,,,,,12.8k,12.4k,12k,11.7k,11.5k,11.6k,11.6k,11.9k,11.9k,11.9k,12k,11.8k,11.5k,11.4k,11.6k,12k,12.3k,12.7k,13.1k,13.5k,14k,14.3k,13.1k,11.2k,11.8k,12.7k,13.7k,13.6k,13.6k,12.6k,12.1k,12.8k,13.3k,12.8k,13.2k,13.6k,13.8k,14.2k,13.6k,12.9k,13k,13.9k,14.3k,13.9k,14.5k,15.7k,15.6k,15.1k,15.1k,15.1k,14.2k,12.3k,12.1k,12.4k,
Papua New Guinea,1310,1360,1410,1440,1530,1650,1710,1740,1770,1870,2030,2110,2170,2260,2270,2200,2080,2050,2180,2170,2080,2030,1990,2020,1970,2000,2050,2060,2080,2000,1890,2010,2210,2520,2570,2400,2490,2310,2150,2110,1990,1920,1850,1830,1820,1880,1920,2000,1930,2000,2140,2100,2140,2160,2390,2480,2560,2580,2520,2570,2440,2380,2470,2520,2570
Poland,,,,,,,,,,,,,,,,,,,,,,,,,,,,,,,5110,4740,4840,5010,5260,5670,6010,6390,6680,7000,7400,7490,7640,7920,8320,8600,9140,9760,10.2k,10.4k,10.8k,11.4k,11.5k,11.6k,12.1k,12.6k,13k,13.7k,14.6k,15.2k,15.1k,16.4k,17.3k,17.4k,18k
Portugal,4070,4260,4510,4750,5050,5450,5710,6180,6760,6970,7670,8210,8890,9880,9850,9070,9430,9850,10k,10.5k,10.8k,10.9k,11.1k,11k,10.8k,11k,11.5k,12.2k,13.1k,14k,14.6k,15.3k,15.4k,15.1k,15.2k,15.8k,16.3k,16.9k,17.7k,18.3k,18.8k,19.1k,19.1k,18.8k,19.1k,19.3k,19.5k,20k,20k,19.4k,19.7k,19.4k,18.7k,18.6k,18.8k,19.2k,19.7k,20.4k,21k,21.6k,19.8k,20.7k,22k,22.3k,22.5k
Paraguay,1510,1580,1590,1620,1650,1710,1700,1810,1850,1900,1960,2020,2100,2200,2330,2430,2550,2770,3030,3300,3590,3820,3660,3450,3450,3500,3580,3740,3850,4010,4060,4090,4050,4150,4260,4450,4410,4500,4400,4250,4070,3970,3920,4040,4150,4190,4350,4540,4790,4730,5190,5340,5230,5580,5790,5880,6040,6240,6350,6240,6110,6280,6220,6450,6640
Palestine,,,,,,,,,,,,,,,,,,,,,,,,,,,,,,,,,,,2140,2190,2120,2320,2590,2730,2440,2150,1840,2040,2430,2630,2540,2570,2690,2840,2930,3130,3240,3310,3230,3270,3480,3460,3420,3380,2920,3050,3100,2890,2070
French Polynesia,,,,,,22.6k,23.9k,22k,24.4k,23k,22.5k,24.4k,22.5k,23.5k,26.8k,24.7k,26k,25.7k,27.4k,27.6k,26.9k,26.7k,26.3k,26.2k,26.1k,25.1k,27.8k,27.5k,25.8k,25.8k,25.3k,25.7k,24.9k,24.2k,23.4k,22.9k,22.4k,22.1k,22.1k,22.1k,22.5k,22.1k,21.9k,22.1k,21.9k,21.7k,21.5k,21.6k,21.5k,20.5k,19.9k,19.2k,19k,18.9k,18.9k,19.2k,19.5k,20.3k,20.7k,21.3k,19.8k,20.2k,21k,21.6k,
Qatar,,,,,,,,,,,75.8k,73.8k,73.5k,73.7k,71.3k,69.3k,69.4k,59.7k,60.5k,59.5k,55.3k,52.4k,46k,42.7k,42.3k,39.4k,39.7k,38.2k,39.1k,40.1k,40.1k,38.2k,41.2k,39.4k,38.7k,38.5k,39.1k,48.8k,51.5k,50.9k,52.2k,51.6k,52.8k,52.3k,60k,60.4k,64.7k,61.4k,61.2k,60.8k,72.3k,81.6k,80.6k,76.5k,71.8k,69k,67.3k,64.5k,64.4k,63.4k,57.8k,65.5k,64.3k,65.1k,62.2k
Romania,,,,,,,,,,,,,,,,,,,,,,,,,,,,,,,5020,4410,4060,4130,4300,4570,4760,4550,4460,4450,4570,4880,5250,5410,6010,6330,6880,7480,8320,7920,7660,8040,8230,8290,8660,8980,9290,10.1k,10.8k,11.3k,10.9k,11.6k,12.1k,12.4k,12.5k
Russia,,,,,,,,,,,,,,,,,,,,,,,,,,,,,,8110,7850,7430,6350,5800,5070,4860,4690,4760,4520,4820,5320,5620,5910,6370,6860,7320,7950,8640,9090,8380,8760,9120,9460,9600,9490,9280,9270,9420,9670,9880,9630,10.2k,10.1k,10.6k,11k
Rwanda,335,312,339,299,256,267,277,288,298,321,330,324,316,318,313,297,345,342,362,393,415,424,417,428,396,400,408,395,399,387,368,352,365,323,189,305,291,287,300,310,333,358,400,400,419,446,474,497,538,557,583,615,652,666,691,734,760,771,818,875,826,896,948,1000,1070
Saudi Arabia,16k,17.3k,18.7k,19.6k,20.5k,22.1k,23.1k,24.2k,25.1k,25.5k,37.4k,41.2k,46.6k,54.3k,59.9k,53.7k,58.7k,58.8k,55.6k,58.2k,58.1k,56.4k,44.5k,37.3k,33.7k,29.5k,28.2k,25.8k,26.1k,24.9k,25.9k,26.7k,26.7k,25.6k,24.8k,23.9k,23.7k,23.4k,23.2k,22.2k,22.2k,21.2k,20k,20.8k,21.5k,21.8k,21.6k,21.2k,21.6k,20.6k,21.8k,23.3k,23.6k,23.1k,23.4k,23.3k,22.8k,23k,24.4k,24.9k,22.8k,24.9k,26.7k,25.6k,24.9k
Sudan,852,829,861,813,781,809,758,746,739,728,748,742,683,662,711,796,898,923,837,766,748,774,791,782,727,669,692,777,764,823,764,805,842,863,850,878,909,1050,1070,1070,1110,1150,1190,1230,1260,1290,1340,1370,1380,1300,1310,1390,1290,1280,1310,1290,1300,1260,1190,1130,1060,1010,973,678,582
Senegal,1150,1150,1120,1110,1120,1100,1100,1060,1090,987,1040,1010,1040,954,966,1010,1070,1020,955,998,1010,1040,1090,1000,1010,1020,1020,1060,1020,1030,991,989,974,961,935,961,957,963,996,1030,1050,1070,1040,1070,1100,1120,1120,1120,1140,1140,1150,1140,1150,1150,1180,1220,1260,1310,1360,1380,1360,1410,1430,1460,1520
Singapore,3610,3780,3950,4240,4000,4210,4530,4980,5560,6240,7000,7720,8590,9330,9730,9970,10.6k,11.1k,11.9k,12.8k,14k,14.7k,15.1k,16.2k,17.3k,17.1k,17.4k,19k,20.6k,22k,23.3k,24.1k,25k,27.1k,29.2k,30.4k,31.3k,32.8k,31k,32.6k,34.9k,33.6k,34.6k,36.7k,39.9k,41.8k,44.2k,46.2k,44.6k,43.3k,48.8k,50.7k,51.7k,53.3k,54.7k,55.6k,57k,59.5k,61.3k,61.3k,59.2k,67.7k,68.2k,66.2k,67.7k
Solomon Islands,,,,,,,,,,,,,,,,,,,,,2210,2100,1990,2000,1940,1820,1750,1840,1800,1820,1810,1860,2030,2050,2150,2300,2270,2190,2150,2090,1750,1580,1500,1570,1660,1760,1800,1830,1910,1930,2060,2130,2110,2140,2090,2050,2080,2080,2060,2040,1930,1930,1930,1940,1940
Sierra Leone,884,886,911,911,955,1010,1000,985,986,1050,1120,1140,1130,1130,1150,1150,1120,1100,1110,1130,1170,1170,1210,1160,1180,1090,1080,1120,1020,999,992,1000,829,842,822,755,765,711,716,699,727,642,767,806,830,843,860,873,883,872,903,951,1030,1150,1030,965,1000,1010,1020,1050,1010,1050,1080,1110,1130
El Salvador,,,,,,2640,2750,2820,2830,2850,2860,2900,3000,3080,3170,3190,3280,3430,3530,3320,2760,2580,2390,2390,2370,2340,2300,2310,2310,2280,2350,2340,2470,2570,2670,2770,2780,2840,2900,2950,2960,2980,3020,3060,3080,3160,3300,3360,3420,3340,3400,3510,3600,3670,3710,3790,3880,3950,4050,4140,3810,4250,4360,4490,4590
San Marino,,,,,,,,,,,,,,,,,,,,,,,,,,,,,,,,,,,,,,48.4k,51.4k,55.3k,55.8k,58.2k,57.6k,59.1k,58.4k,59k,60.6k,62.8k,61.6k,52.9k,49.7k,46.5k,42.1k,42.3k,42.5k,43.1k,43.9k,43.1k,42.8k,43.5k,40.5k,46.8k,51.3k,,
Somalia,319,301,313,314,287,263,280,289,287,275,280,278,311,266,262,293,280,310,305,256,239,252,259,221,221,232,218,231,239,252,259,278,266,269,210,211,220,215,220,226,233,240,249,258,266,275,284,294,305,317,330,350,370,397,418,446,459,507,499,495,463,462,460,465,467
Serbia,,,,,,,,,,,,,,,,,,,,,,,,,,,,,,,,,,,,3010,3200,3500,3700,3330,3540,3790,4040,4230,4530,4810,5020,5430,5740,5580,5690,5740,5740,5790,5720,5820,6020,6200,6520,6870,6850,7470,7860,8210,8580
South Sudan,,,,,,,,,,,,,,,,,,,,,,,,,,,,,,,,,,,,,,,,,,,,,,,,,2290,2290,2300,2070,1070,1170,1200,1080,,,,,,,,,
Sao Tome and Principe,,,,,,,,,,,985,1020,1020,1010,1050,1080,1070,1280,1280,1450,1410,1230,1250,1180,1090,1160,1070,1010,1010,1010,967,958,946,940,944,947,947,943,954,966,960,973,982,1040,1050,1090,1160,1170,1210,1230,1220,1210,1230,1260,1300,1300,1340,1380,1410,1420,1430,1430,1400,1380,1370
Suriname,3940,3990,3990,4030,4120,4460,5130,5560,5780,5840,5800,5830,5720,5640,5690,5890,6450,7170,7720,7750,7110,7610,7270,6950,6750,6800,6770,6270,6670,6850,6470,6610,6590,6130,6290,6180,6110,6330,6340,6130,6130,6260,6300,6570,7020,7260,7600,7900,8130,8280,8600,9000,9140,9300,9220,8810,8290,8340,8670,8680,7210,6970,7080,7200,7330
Slovak Republic,,,,,,,,,,,,,,,,,,,,,,,,,,,,,,,8600,7340,6840,6950,7350,7760,8210,8650,8970,8910,9000,9280,9690,10.2k,10.7k,11.4k,12.4k,13.8k,14.5k,13.7k,14.6k,15k,15.2k,15.2k,15.6k,16.4k,16.7k,17.2k,17.9k,18.3k,17.8k,18.8k,19k,19.4k,19.8k
Slovenia,,,,,,,,,,,,,,,,,,,,,,,,,,,,,,,13.6k,12.4k,11.7k,12.1k,12.8k,13.3k,13.7k,14.4k,14.9k,15.6k,16.1k,16.6k,17.1k,17.6k,18.4k,19.1k,20.2k,21.5k,22.2k,20.3k,20.4k,20.5k,19.9k,19.7k,20.2k,20.7k,21.3k,22.4k,23.3k,23.9k,22.8k,24.7k,25.3k,25.7k,26k
Sweden,16.8k,17.7k,18.3k,19.2k,20.4k,20.9k,21.2k,21.7k,22.4k,23.3k,24.6k,24.7k,25.2k,26.1k,26.9k,27.5k,27.7k,27.1k,27.5k,28.5k,28.9k,29k,29.4k,29.9k,31.2k,31.8k,32.6k,33.5k,34.2k,34.9k,34.9k,34.3k,33.7k,32.8k,33.9k,35.1k,35.6k,36.7k,38.2k,39.8k,41.6k,42k,42.8k,43.5k,45.1k,46.2k,48.1k,49.3k,48.4k,46k,48.2k,49.4k,48.8k,48.9k,49.6k,51.2k,51.7k,52k,52.4k,53.2k,51.7k,54.5k,54.9k,54.6k,54.9k
Eswatini,,,,,,,,,,,911,1010,1030,1100,1130,1250,1180,1160,1140,1130,1230,1370,1340,1310,1350,1350,1450,1600,1630,1760,2040,2000,1980,1990,2030,2130,2170,2200,2230,2270,2290,2290,2370,2450,2520,2660,2800,2910,2910,2940,3040,3090,3240,3340,3370,3420,3560,3580,3560,3740,3600,3680,3680,3770,3830
Sint Maarten (Dutch part),,,,,,,,,,,,,,,,,,,,,,,,,,,,,,,,,,,,,,,,,,,,,,,,,,37.5k,38.4k,39.6k,39.3k,38.9k,38.6k,37.8k,37.4k,33.9k,31k,33.9k,28.9k,29.8k,32.3k,33.1k,33.7k
Seychelles,3170,2930,3090,3320,3430,3310,3680,3610,3790,3700,3930,4470,4640,4980,4950,4990,5690,5230,6290,7230,6800,6450,6280,6250,6480,7090,7100,7140,7490,8210,8780,8900,9500,9980,9480,9390,10.2k,11.3k,11.3k,11.3k,11.7k,11.4k,11.2k,10.7k,10.4k,11.3k,12.1k,13.1k,12.5k,12.1k,12.3k,13.8k,14.1k,14.1k,14.4k,15.3k,17k,17.9k,18.6k,19.5k,17k,17k,15.9k,16.2k,16.6k
Syria,517,556,673,596,632,627,561,588,591,679,646,680,826,715,870,978,1060,1010,1070,1040,1160,1200,1200,1180,1060,1110,991,974,1110,928,932,972,1070,1100,1140,1190,1270,1300,1350,1270,1250,1230,1250,1310,1360,1410,1420,1410,1420,1480,1530,1540,1140,884,848,848,803,796,792,772,741,734,712,670,
Turks and Caicos Islands,,,,,,,,,,,,,,,,,,,,,,,,,,,,,,,,,,,,,,,,,,,,,,,,32.7k,33.9k,26.2k,25.4k,25.7k,24k,23.1k,24.1k,25.7k,26.4k,24.7k,45.3k,45.8k,29.5k,37.5k,42.2k,47.6k,50k
Chad,799,794,820,790,755,745,717,708,692,724,723,692,684,612,628,670,676,679,663,510,478,483,485,534,538,649,604,569,635,644,600,628,650,535,576,558,546,557,576,552,528,571,598,659,842,949,911,918,914,870,957,966,1020,1010,993,994,923,879,899,917,885,857,935,930,917
Togo,449,495,505,521,582,654,691,701,707,753,744,721,754,762,779,779,744,777,842,779,867,813,758,693,708,723,713,695,719,726,704,679,634,541,620,640,672,744,707,704,680,667,675,703,678,630,629,604,610,626,645,664,687,709,730,751,763,774,792,811,807,835,863,897,923
Thailand,592,606,633,664,688,722,779,822,864,895,970,990,1010,1080,1100,1130,1200,1290,1390,1440,1480,1540,1590,1650,1710,1750,1820,1960,2180,2410,2630,2810,2990,3190,3390,3610,3770,3610,3300,3400,3510,3600,3780,4020,4230,4370,4550,4760,4810,4740,5060,5070,5400,5520,5540,5690,5860,6080,6310,6430,6040,6120,6280,6410,6570
Tajikistan,,,,,,,,,,,,,,,,,,,,,,,,,,1420,1420,1360,1490,1350,1310,1190,828,683,528,453,370,372,389,401,430,462,502,546,591,618,649,686,726,739,771,809,850,890,926,957,997,1040,1090,1150,1170,1250,1330,1410,1500
Turkmenistan,,,,,,,,,,,,,,,,,,,,,,,,,,,,2650,2850,2650,3500,3250,2700,2680,2170,1980,2080,1810,1910,2180,2260,2310,2270,2300,2360,2620,2860,3110,3500,3650,3900,4380,4760,5130,5530,5760,5980,6220,6460,6720,6970,7250,7550,7880,7920
Timor-Leste,,,,,,,,,,,,,,,,,,,,,,,,,,,,,,,633,685,737,790,823,854,897,908,866,631,1120,1190,1030,964,955,964,898,962,1040,1120,1200,1240,1270,1280,1310,1320,1330,1270,1240,1500,1950,2010,1580,1280,1240
Tonga,,,,,,,,,,,,,,,,,,,,,,2590,2710,2760,2810,3000,3060,3140,3060,3060,2990,3170,3180,3290,3450,3670,3670,3630,3690,3750,3870,3900,4050,4030,3930,3880,3780,3670,3830,3630,3650,3890,3930,3960,4060,4120,4420,4570,4590,4580,4660,4680,4590,4710,
Trinidad and Tobago,4300,4800,4830,5010,5300,5240,5370,5400,5610,5700,5830,5830,6090,6110,6270,6280,6610,7120,7730,7910,8620,8910,9150,8110,7570,7170,6840,6450,6140,6030,6070,6210,6780,6690,6890,7110,7590,8130,8760,9430,10k,10.4k,11.2k,12.7k,13.7k,15.1k,17k,17.8k,18.3k,17.5k,18k,17.8k,18.9k,19.4k,20.1k,19.9k,18.4k,17.4k,17.2k,17.3k,15.7k,15.5k,15.7k,15.9k,16.2k
Tunisia,,1420,1340,1180,1110,1060,1080,1060,1140,1160,1190,1280,1470,1420,1500,1560,1640,1650,1720,1790,1880,1940,1880,1930,2000,2060,1970,2060,2010,2000,2110,2150,2270,2270,2310,2320,2450,2550,2640,2770,2860,2940,2950,3060,3220,3300,3440,3640,3760,3840,3910,3780,3900,3950,4020,4010,4020,4060,4130,4150,3750,3900,3980,3960,3990
Turkey,2430,2400,2460,2610,2680,2690,2920,2980,3100,3150,3180,3270,3430,3460,3580,3760,4070,4120,4100,3990,3820,3920,3980,4080,4250,4340,4540,4870,4890,4810,5150,5100,5270,5570,5220,5540,5860,6220,6280,5990,6330,5890,6190,6470,7030,7580,8020,8410,8380,7860,8400,9200,9520,10.2k,10.6k,11k,11.3k,12k,12.1k,12.1k,12.2k,13.4k,14.1k,14.7k,15.1k
Tuvalu,,,,,,,,,,,2440,2390,2340,2300,2200,2070,1960,1800,1700,1640,1590,1600,1320,1410,1500,1440,1730,1910,2240,2160,2450,2500,2540,2620,2860,2700,2520,2760,3170,3100,3060,3040,3320,3150,3040,2860,2900,3070,3230,2990,2880,3030,2920,3030,3040,3360,3560,3670,3760,4350,4230,4400,4520,4770,
Tanzania,834,820,869,897,919,930,1010,1030,1060,1060,548,549,568,582,573,575,572,552,544,539,537,516,498,480,487,477,487,494,514,519,542,539,529,519,507,509,522,530,535,547,555,573,598,622,651,680,705,732,753,773,801,839,852,883,914,939,970,1000,1020,1050,1040,1050,1070,1090,1120
Uganda,,,,,,,,,,,,,,,,,,,,,,,359,371,360,338,330,332,348,359,370,378,378,395,407,441,468,478,487,509,509,519,547,565,585,604,650,685,723,749,769,817,824,829,846,863,875,871,895,921,917,919,933,956,987
Ukraine,,,,,,,,,,,,,,,,,,,,,,,,,,,,3140,3210,3320,3100,2830,2540,2180,1690,1490,1360,1330,1310,1320,1410,1550,1640,1810,2040,2120,2300,2500,2570,2190,2290,2420,2430,2430,2310,2090,2160,2220,2310,2400,2320,2430,1870,2160,2220
Uruguay,6630,6710,6530,6460,6550,6550,6680,6380,6450,6780,6890,6840,6710,6690,6850,7220,7450,7510,7870,8320,8770,8880,7980,7130,7010,7080,7660,8230,8300,8340,8320,8570,9190,9390,10k,9820,10.3k,11.1k,11.6k,11.4k,11.1k,10.6k,9810,9880,10.4k,11.1k,11.6k,12.3k,13.2k,13.7k,14.7k,15.4k,15.9k,16.6k,17.1k,17.1k,17.4k,17.6k,17.6k,17.8k,16.4k,17.4k,18.2k,18.4k,19k
USA,18.9k,19k,19.9k,20.4k,21.3k,22.4k,23.6k,24k,25k,25.5k,25.2k,25.7k,26.8k,28k,27.6k,27.3k,28.5k,29.5k,30.8k,31.5k,31.1k,31.6k,30.7k,31.8k,33.8k,34.9k,35.8k,36.7k,37.9k,38.9k,39.2k,38.6k,39.4k,40k,41.1k,41.7k,42.8k,44.2k,45.6k,47.2k,48.6k,48.6k,49k,49.9k,51.3k,52.6k,53.6k,54.2k,53.7k,51.9k,52.8k,53.2k,54k,54.7k,55.7k,56.8k,57.4k,58.4k,59.8k,61k,59.5k,63k,64.2k,65.5k,66.7k
Uzbekistan,,,,,,,,,,,,,,,,,,,,,,,,,,,,1480,1580,1580,1570,1520,1320,1260,1170,1140,1130,1170,1200,1240,1270,1310,1340,1380,1470,1550,1640,1770,1900,2030,2140,2270,2400,2530,2660,2800,2920,3000,3110,3260,3250,3440,3580,3730,3890
St. Vincent and the Grenadines,1890,1940,1980,1830,1870,1860,1840,1640,1730,1760,1930,1970,2460,2170,1960,1790,1970,2210,2410,2470,2510,2610,2700,2740,2890,3050,3200,3190,3620,3650,3780,3810,4040,4210,4150,4460,4520,4680,4870,4990,5060,5150,5440,5810,6070,6240,6700,6950,7010,6950,6670,6670,6780,6990,7120,7350,7700,7860,8170,8290,7980,8200,8520,9040,9480
Vietnam,,,,,,,,,,,,,,,,,,,,,,,,,595,604,608,617,635,668,688,714,760,806,861,928,999,1060,1110,1150,1210,1270,1340,1420,1510,1610,1700,1790,1860,1930,2030,2130,2220,2320,2440,2580,2720,2870,3050,3240,3300,3360,3620,3780,4020
Vanuatu,,,,,,,,,,,,,,,,,,,,2970,2570,2630,2620,2630,2810,2770,2700,2550,2450,2420,2640,2650,2660,2610,2780,2740,2750,2820,2790,2750,2840,2680,2480,2520,2560,2630,2780,2790,2880,2890,2860,2880,2850,2800,2810,2850,2890,2950,2960,2990,2770,2670,2740,2650,2690
Samoa,,,,,,,,,,,2430,2710,2720,2880,2520,2360,2520,2460,2590,2840,2640,2380,2350,2360,2390,2480,2610,2620,2570,2660,2530,2470,2450,2530,2450,2590,2750,2750,2790,2820,2950,3140,3290,3440,3540,3760,3820,3820,3930,3880,4080,4200,4010,3980,3970,4080,4370,4390,4320,4470,4280,3950,3710,4030,4380
Yemen,,,,,,,,,,,,,,,,,,,,,,,,,,,,,,,1720,1760,1840,1840,1890,1930,1950,1990,2040,2050,2110,2130,2150,2160,2190,2240,2230,2240,2240,2260,2360,1990,1980,2010,1950,1360,1200,1100,1080,1070,951,916,904,859,821
South Africa,3990,4030,4160,4330,4530,4660,4720,4910,4950,5030,5140,5200,5140,5220,5390,5330,5300,5160,5170,5220,5400,5500,5290,5020,5090,4870,4710,4660,4710,4690,4540,4400,4230,4190,4260,4340,4470,4530,4490,4550,4700,4790,4920,5010,5190,5410,5650,5890,6010,5850,5950,6070,6120,6170,6160,6110,6100,6130,6120,6030,5570,5760,5780,5750,5710
Zambia,1190,1170,1100,1100,1200,1360,1240,1300,1270,1220,1250,1210,1290,1240,1280,1210,1250,1160,1130,1060,1060,1090,1030,978,945,932,911,909,940,906,879,857,822,857,765,768,796,806,782,796,804,822,833,864,895,929,969,1010,1050,1110,1180,1210,1260,1280,1300,1300,1300,1310,1320,1300,1230,1270,1300,1330,1350
Zimbabwe,1140,1180,1160,1190,1140,1160,1140,1200,1180,1290,1530,1620,1700,1690,1750,1660,1620,1470,1410,1430,1550,1630,1610,1580,1490,1540,1520,1490,1550,1590,1650,1700,1500,1500,1630,1620,1760,1770,1790,1750,1680,1690,1520,1250,1160,1090,1040,987,803,896,1060,1180,1360,1370,1380,1390,1380,1420,1470,1360,1230,1310,1370,1420,1420
